Disease,Symptom_1,Symptom_2,Symptom_3,Symptom_4,Symptom_5,Symptom_6,Symptom_7,Symptom_8,Symptom_9,Symptom_10,Symptom_11,Symptom_12,Symptom_13,Symptom_14,Symptom_15,Symptom_16,Symptom_17
Fungal infection,itching,skin_rash,nodal_skin_eruptions,dischromic_patches,,,,,,,,,,,,
Fungal infection,skin_rash,itching,dischromic_patches,nodal_skin_eruptions,,,,,,,,,,,,
Fungal infection,nodal_skin_eruptions,dischromic_patches,itching,skin_rash,,,,,,,,,,,,
Fungal infection,dischromic_patches,skin_rash,itching,nodal_skin_eruptions,,,,,,,,,,,,
Fungal infection,itching,dischromic_patches,skin_rash,nodal_skin_eruptions,,,,,,,,,,,,
Allergy,continuous_sneezing,shivering,chills,watering_from_eyes,,,,,,,,,,,,,
Allergy,shivering,continuous_sneezing,watering_from_eyes,chills,,,,,,,,,,,,,
Allergy,chills,watering_from_eyes,shivering,continuous_sneezing,,,,,,,,,,,,,
Allergy,watering_from_eyes,chills,continuous_sneezing,shivering,,,,,,,,,,,,,
Allergy,continuous_sneezing,watering_from_eyes,chills,shivering,,,,,,,,,,,,,
GERD,stomach_pain,acidity,ulcers_on_tongue,vomiting,cough,chest_pain,,,,,,,,,,
GERD,acidity,stomach_pain,chest_pain,cough,ulcers_on_tongue,vomiting,,,,,,,,,,
GERD,ulcers_on_tongue,vomiting,acidity,stomach_pain,chest_pain,cough,,,,,,,,,,
GERD,vomiting,cough,stomach_pain,acidity,ulcers_on_tongue,chest_pain,,,,,,,,,,
GERD,cough,chest_pain,vomiting,acidity,stomach_pain,ulcers_on_tongue,,,,,,,,,,
Chronic cholestasis,itching,vomiting,yellowish_skin,nausea,loss_of_appetite,abdominal_pain,yellowing_of_eyes,,,,,,,,,,
Chronic cholestasis,vomiting,itching,abdominal_pain,loss_of_appetite,yellowish_skin,nausea,yellowing_of_eyes,,,,,,,,,,
Chronic cholestasis,yellowish_skin,abdominal_pain,itching,vomiting,loss_of_appetite,nausea,yellowing_of_eyes,,,,,,,,,,
Chronic cholestasis,nausea,loss_of_appetite,itching,vomiting,abdominal_pain,yellowish_skin,yellowing_of_eyes,,,,,,,,,,
Chronic cholestasis,loss_of_appetite,yellowing_of_eyes,itching,vomiting,abdominal_pain,yellowish_skin,nausea,,,,,,,,,,
Drug Reaction,itching,skin_rash,stomach_pain,burning_micturition,spotting_urination,,,,,,,,,,,,
Drug Reaction,skin_rash,itching,spotting_urination,stomach_pain,burning_micturition,,,,,,,,,,,,
Drug Reaction,stomach_pain,spotting_urination,itching,skin_rash,burning_micturition,,,,,,,,,,,,
Drug Reaction,burning_micturition,stomach_pain,skin_rash,itching,spotting_urination,,,,,,,,,,,,
Drug Reaction,spotting_urination,burning_micturition,itching,skin_rash,stomach_pain,,,,,,,,,,,,
Peptic ulcer disease,vomiting,indigestion,loss_of_appetite,abdominal_pain,passage_of_gases,internal_itching,,,,,,,,,,
Peptic ulcer disease,indigestion,vomiting,internal_itching,loss_of_appetite,abdominal_pain,passage_of_gases,,,,,,,,,,
Peptic ulcer disease,loss_of_appetite,abdominal_pain,vomiting,indigestion,internal_itching,passage_of_gases,,,,,,,,,,
Peptic ulcer disease,abdominal_pain,passage_of_gases,vomiting,indigestion,loss_of_appetite,internal_itching,,,,,,,,,,
Peptic ulcer disease,passage_of_gases,internal_itching,vomiting,indigestion,loss_of_appetite,abdominal_pain,,,,,,,,,,
AIDS,muscle_wasting,patches_in_throat,high_fever,extra_marital_contacts,,,,,,,,,,,,
AIDS,patches_in_throat,muscle_wasting,extra_marital_contacts,high_fever,,,,,,,,,,,,
AIDS,high_fever,extra_marital_contacts,muscle_wasting,patches_in_throat,,,,,,,,,,,,
AIDS,extra_marital_contacts,high_fever,patches_in_throat,muscle_wasting,,,,,,,,,,,,
AIDS,muscle_wasting,extra_marital_contacts,patches_in_throat,high_fever,,,,,,,,,,,,
